tail_id,cycle,point,lower,upper
TAIL-01,106,63.9790381255,49.9261706733,80.6016648731
TAIL-01,107,45.4360915921,31.3832241399,62.0587183398
TAIL-01,108,49.794200411,35.7413329588,66.4168271586
TAIL-01,109,62.1984198585,48.1455524062,78.8210466061
TAIL-01,110,39.3797564376,31.1163567209,50.3596952781
TAIL-01,111,39.3117848989,31.0483851823,50.2917237395
TAIL-01,112,34.5811189108,26.3177191941,45.5610577513
TAIL-01,113,36.245886941,27.9824872244,47.2258257816
TAIL-01,114,35.6443048088,27.3809050922,46.6242436494
TAIL-01,115,36.4366102887,28.173210572,47.4165491292
TAIL-01,116,30.2396981402,21.9762984235,41.2196369807
TAIL-01,117,28.7544752648,20.4910755481,39.7344141053
TAIL-01,118,26.7395372911,18.4761375745,37.7194761317
TAIL-01,119,35.6397884145,27.3763886979,46.6197272551
TAIL-01,120,32.3467984947,24.0833987781,43.3267373353
TAIL-01,121,32.9632690977,24.699869381,43.9432079382
TAIL-01,122,33.1678270717,24.904427355,44.1477659122
TAIL-01,123,36.1507262993,27.8873265826,47.1306651398
TAIL-01,124,29.6707203321,21.4073206154,40.6506591726
TAIL-01,125,24.0088226351,15.7454229184,34.9887614756
TAIL-01,126,22.5273663355,14.2639666188,33.507305176
TAIL-01,127,20.4168130607,12.1534133441,31.3967519013
TAIL-01,128,18.7778228435,15.9327665173,22.7689815216
TAIL-01,129,21.5296047975,13.2662050809,32.509543638
TAIL-01,130,22.474927988,14.2115282713,33.4548668285
TAIL-01,131,23.9676081887,15.7042084721,34.9475470293
TAIL-01,132,17.120420371,14.2753640448,21.1115790491
TAIL-01,133,17.2538802696,14.4088239434,21.2450389477
TAIL-01,134,15.9249445297,13.0798882035,19.9161032078
TAIL-01,135,15.2239169784,12.3788606522,19.2150756565
TAIL-02,260,49.8954799604,32.7310787711,65.4747393444
TAIL-02,261,47.0897239417,29.9253227524,62.6689833257
TAIL-02,262,43.1566879734,25.992286784,58.7359473573
TAIL-02,263,42.5618644553,25.397463266,58.1411238393
TAIL-02,264,42.269190613,25.1047894237,57.848449997
TAIL-02,265,38.4293553278,30.1833015795,48.9418344863
TAIL-02,266,37.9874636905,29.7414099423,48.499942849
TAIL-02,267,38.6661450612,30.420091313,49.1786242197
TAIL-02,268,36.4540428466,28.2079890984,46.9665220051
TAIL-02,269,39.8658703049,31.6198165567,50.3783494634
TAIL-02,270,33.4858338933,25.2397801451,43.9983130518
TAIL-02,271,39.6066174661,31.3605637178,50.1190966246
TAIL-02,272,36.4764061197,28.2303523715,46.9888852782
TAIL-02,273,36.5297086453,28.283654897,47.0421878038
TAIL-02,274,37.0058259789,28.7597722306,47.5183051374
TAIL-02,275,36.7200361537,28.4739824055,47.2325153122
TAIL-02,276,34.4473021335,26.2012483853,44.959781292
TAIL-02,277,27.4346388103,19.1885850621,37.9471179688
TAIL-02,278,30.5950643685,22.3490106203,41.1075435271
TAIL-02,279,33.3716512584,25.1255975102,43.884130417
TAIL-02,280,24.9355758554,16.6895221072,35.448055014
TAIL-02,281,25.0157599045,16.7697061563,35.5282390631
TAIL-02,282,26.3342543525,18.0882006043,36.8467335111
TAIL-02,283,25.8202799939,17.5742262457,36.3327591524
TAIL-02,284,20.8119157497,12.5658620015,31.3243949083
TAIL-02,285,24.125174035,15.8791202867,34.6376531935
TAIL-02,286,21.3494898618,13.1034361136,31.8619690203
TAIL-02,287,23.5322473244,15.2861935762,34.044726483
TAIL-02,288,23.62765466,15.3816009118,34.1401338186
TAIL-02,289,22.6698514395,14.4237976913,33.182330598
TAIL-03,170,43.7145348071,29.6616673548,60.3371615547
TAIL-03,171,41.0649518348,27.0120843825,57.6875785824
TAIL-03,172,40.5933805763,26.5405131241,57.2160073239
TAIL-03,173,39.379188062,31.1157883453,50.3591269025
TAIL-03,174,37.3049622038,29.0415624871,48.2849010443
TAIL-03,175,37.2494623146,28.9860625979,48.2294011551
TAIL-03,176,36.1622745368,27.8988748201,47.1422133773
TAIL-03,177,33.5383058118,25.2749060951,44.5182446523
TAIL-03,178,33.2738345811,25.0104348644,44.2537734216
TAIL-03,179,30.8981917823,22.6347920656,41.8781306228
TAIL-03,180,29.6146221004,21.3512223837,40.5945609409
TAIL-03,181,30.1593825773,21.8959828607,41.1393214178
TAIL-03,182,28.7330827182,20.4696830015,39.7130215587
TAIL-03,183,27.2745090131,19.0111092964,38.2544478536
TAIL-03,184,28.2068634374,19.9434637207,39.1868022779
TAIL-03,185,31.3595340929,23.0961343762,42.3394729334
TAIL-03,186,30.0132972584,21.7498975417,40.9932360989
TAIL-03,187,29.1505424792,20.8871427625,40.1304813197
TAIL-03,188,26.9990357386,18.735636022,37.9789745792
TAIL-03,189,27.9261510613,19.6627513446,38.9060899018
TAIL-03,190,27.6732988723,19.4098991557,38.6532377129
TAIL-03,191,22.8920074131,14.6286076965,33.8719462537
TAIL-03,192,19.373842037,16.5287857108,23.3650007151
TAIL-03,193,20.1519183936,11.8885186769,31.1318572341
TAIL-03,194,22.267604615,14.0042048983,33.2475434555
TAIL-03,195,22.1525570484,13.8891573317,33.1324958889
TAIL-03,196,20.619975556,12.3565758393,31.5999143965
TAIL-03,197,18.6697258628,15.8246695366,22.6608845409
TAIL-03,198,13.1249127169,10.2798563908,17.116071395
TAIL-03,199,11.6408444934,8.79578816724,15.6320031715
TAIL-04,111,67.3999900364,56.0686349432,79.4337465959
TAIL-04,112,64.1390040688,52.8076489756,76.1727606283
TAIL-04,113,70.6582139905,48.8170382449,91.4656151711
TAIL-04,114,52.2418021527,40.9104470595,64.2755587122
TAIL-04,115,46.3831336043,35.0517785112,58.4168901638
TAIL-04,116,46.390255082,35.0588999889,58.4240116415
TAIL-04,117,44.4794332096,33.1480781164,56.5131897691
TAIL-04,118,40.4397026329,29.1083475397,52.4734591923
TAIL-04,119,39.2923758683,31.9625655605,47.6698397909
TAIL-04,120,38.8673630093,31.5375527015,47.2448269319
TAIL-04,121,47.0964348974,35.7650798042,59.1301914569
TAIL-04,122,43.1450644446,31.8137093514,55.1788210041
TAIL-04,123,42.0925470256,30.7611919325,54.1263035851
TAIL-04,124,34.7120341193,27.3822238115,43.0894980419
TAIL-04,125,35.1998019328,27.869991625,43.5772658554
TAIL-04,126,29.4536720715,22.1238617637,37.8311359941
TAIL-04,127,30.0714552563,22.7416449485,38.4489191789
TAIL-04,128,34.9509592318,27.621148924,43.3284231545
TAIL-04,129,32.8261862621,25.4963759543,41.2036501848
TAIL-04,130,31.9035942138,24.573783906,40.2810581365
TAIL-04,131,34.1035751018,26.773764794,42.4810390244
TAIL-04,132,29.1035382298,21.773727922,37.4810021525
TAIL-04,133,26.9457685237,19.6159582159,35.3232324464
TAIL-04,134,23.7952073604,16.4653970526,32.1726712831
TAIL-04,135,22.3335823863,15.0037720785,30.711046309
TAIL-04,136,20.9194714106,13.5896611028,29.2969353332
TAIL-04,137,21.5107134205,14.1809031127,29.8881773431
TAIL-04,138,19.28683576,14.0873294181,23.4762338218
TAIL-04,139,18.720014374,13.5205080322,22.9094124359
TAIL-04,140,16.7621776148,11.5626712729,20.9515756766
TAIL-05,125,81.3514802559,59.5103045103,102.158881437
TAIL-05,126,78.0468789987,56.2057032531,98.8542801793
TAIL-05,127,78.1985796556,56.35740391,99.0059808362
TAIL-05,128,61.1104198834,49.7790647903,73.1441764429
TAIL-05,129,68.5109754326,57.1796203394,80.5447319921
TAIL-05,130,69.3832582192,58.0519031261,81.4170147787
TAIL-05,131,68.1901376873,56.8587825942,80.2238942468
TAIL-05,132,70.5899269797,48.7487512341,91.3973281603
TAIL-05,133,58.8739100186,47.5425549255,70.9076665781
TAIL-05,134,60.0702038976,48.7388488044,72.1039604571
TAIL-05,135,56.1801130403,44.8487579472,68.2138695998
TAIL-05,136,59.2772893147,47.9459342216,71.3110458742
TAIL-05,137,50.6664916245,39.3351365314,62.700248184
TAIL-05,138,51.2186330728,39.8872779796,63.2523896323
TAIL-05,139,48.2939283047,36.9625732115,60.3276848641
TAIL-05,140,46.5740973482,35.2427422551,58.6078539077
TAIL-05,141,46.6855318013,35.3541767081,58.7192883607
TAIL-05,142,44.4749997286,33.1436446354,56.5087562881
TAIL-05,143,46.3542408505,35.0228857573,58.38799741
TAIL-05,144,46.7119904478,35.3806353546,58.7457470073
TAIL-05,145,43.8742937383,32.5429386452,55.9080502978
TAIL-05,146,47.4827993056,36.1514442124,59.516555865
TAIL-05,147,46.3874825844,35.0561274913,58.4212391439
TAIL-05,148,46.045835973,34.7144808798,58.0795925325
TAIL-05,149,46.7118787731,35.38052368,58.7456353326
TAIL-05,150,46.3296517311,34.998296638,58.3634082906
TAIL-05,151,47.3352574222,36.003902329,59.3690139817
TAIL-05,152,43.1460012637,31.8146461706,55.1797578232
TAIL-05,153,39.9929790374,32.6631687296,48.37044296
TAIL-05,154,43.8150970234,32.4837419303,55.8488535829
TAIL-06,194,44.725153584,28.0086460511,61.1928050996
TAIL-06,195,42.4791899981,25.7626824653,58.9468415137
TAIL-06,196,43.5258132268,26.809305694,59.9934647424
TAIL-06,197,40.6145956126,23.8980880798,57.0822471282
TAIL-06,198,37.0548462037,28.5310138193,47.4982463429
TAIL-06,199,39.3030119281,30.7791795436,49.7464120673
TAIL-06,200,37.981557268,29.4577248835,48.4249574072
TAIL-06,201,35.9594732333,27.4356408488,46.4028733725
TAIL-06,202,34.0809194094,25.5570870249,44.5243195486
TAIL-06,203,37.6709590048,29.1471266203,48.114359144
TAIL-06,204,37.8180162039,29.2941838195,48.2614163432
TAIL-06,205,36.579532192,28.0556998076,47.0229323313
TAIL-06,206,32.335920094,23.8120877096,42.7793202333
TAIL-06,207,36.6990608563,28.1752284719,47.1424609955
TAIL-06,208,31.9454274956,23.4215951112,42.3888276348
TAIL-06,209,30.394711629,21.8708792446,40.8381117682
TAIL-06,210,27.9192279776,19.3953955931,38.3626281168
TAIL-06,211,23.4681565343,14.9443241498,33.9115566735
TAIL-06,212,19.8004937625,16.3438738093,24.9590672092
TAIL-06,213,20.2972014718,11.7733690873,30.740601611
TAIL-06,214,20.7921560055,12.268323621,31.2355561447
TAIL-06,215,21.683015676,13.1591832915,32.1264158152
TAIL-06,216,17.571909513,14.1152895597,22.7304829597
TAIL-06,217,14.9478501839,11.4912302307,20.1064236306
TAIL-06,218,11.3830896831,7.92646972989,16.5416631298
TAIL-06,219,10.7203112299,7.26369127672,15.8788846767
TAIL-06,220,13.697884076,10.2412641228,18.8564575227
TAIL-06,221,11.3978125453,7.94119259205,16.556385992
TAIL-06,222,10.3152109419,6.85859098864,15.4737843886
TAIL-06,223,8.29372160543,4.83710165221,13.4522950521
